{"ratio": [["MODULE,COMPETENCE", 1.0]], "shift": [["PROGRESSION,APPRENANT", 0], ["PROGRESSION,COMPETENCE", 0], ["MODULE,COMPETENCE", 0]], "colors": [["annotation_color", "#b2182b"], ["annotation_text_color", "#f7f7f7"], ["association_attribute_text_color", "#000000"], ["association_cartouche_color", "#f4a582"], ["association_cartouche_text_color", "#000000"], ["association_color", "#fddbc7"], ["association_stroke_color", "#d6604d"], ["background_color", "#f7f7f7"], ["card_text_color", "#2166ac"], ["entity_attribute_text_color", "#000000"], ["entity_cartouche_color", "#92c5de"], ["entity_cartouche_text_color", "#000000"], ["entity_color", "#d1e5f0"], ["entity_stroke_color", "#4393c3"], ["leg_stroke_color", "#d6604d"], ["transparent_color", "none"]], "cy": [["APPRENANT", 60], ["PROGRESSION", 60], ["COMPETENCE", 60], ["MODULE", 60]], "cx": [["APPRENANT", 51], ["PROGRESSION", 178], ["COMPETENCE", 310], ["MODULE", 430]], "size": [480, 120]}